grna_id,editor_system,propagation_scores,SNRPN_propagated,SNHG14_propagated,combined_propagation
PWS_G.4670,dCas9-Tet1,"{'SNRPN': 0.0, 'SNHG14': 0.001003842375653989, 'UBE3A': 0.0, 'ATP10A': 0.0}",0.0,0.001003842375653989,0.0005019211878269945
PWS_G.4363,dCas9-Tet1,"{'SNRPN': 0.0, 'SNHG14': 0.0010038423756539888, 'UBE3A': 0.0, 'ATP10A': 0.0}",0.0,0.0010038423756539888,0.0005019211878269944
PWS_G.8738,dCas9-VP64,"{'SNRPN': 0.0, 'SNHG14': 0.0010038423756539884, 'UBE3A': 0.0, 'ATP10A': 0.0}",0.0,0.0010038423756539884,0.0005019211878269942
PWS_G.9414,dCas9-VP64,"{'SNRPN': 0.0, 'SNHG14': 0.0010038423756539884, 'UBE3A': 0.0, 'ATP10A': 0.0}",0.0,0.0010038423756539884,0.0005019211878269942
